{"inputUnits":[34],"outputUnits":3,"inputs":{"input0":{"dtype":"number","min":165.35257142422026,"max":422.81934117248414},"input1":{"dtype":"number","min":-19.682663848757983,"max":194.85808136402744},"input2":{"dtype":"number","min":186.75597847088966,"max":428.5515036778143},"input3":{"dtype":"number","min":-33.2442505596674,"max":194.15839122749907},"input4":{"dtype":"number","min":161.69678849783557,"max":411.3835265994304},"input5":{"dtype":"number","min":-32.1782673915692,"max":174.0621281971476},"input6":{"dtype":"number","min":176.50153414780166,"max":461.38412252504224},"input7":{"dtype":"number","min":-33.07686313086319,"max":192.31574878358003},"input8":{"dtype":"number","min":157.8691014815957,"max":396.5851424962689},"input9":{"dtype":"number","min":-32.83701638264498,"max":178.7476795040376},"input10":{"dtype":"number","min":117.72603843644347,"max":514.3380648072002},"input11":{"dtype":"number","min":17.709941901193957,"max":210.74376632363243},"input12":{"dtype":"number","min":108.25950221011513,"max":382.91015506023086},"input13":{"dtype":"number","min":51.348353454708814,"max":221.08092265287104},"input14":{"dtype":"number","min":109.69939412196942,"max":621.3503736826876},"input15":{"dtype":"number","min":22.49999762046174,"max":309.10972967017693},"input16":{"dtype":"number","min":92.89656670702362,"max":399.33070965445296},"input17":{"dtype":"number","min":45.55780421920686,"max":326.82412249767754},"input18":{"dtype":"number","min":120.30938756396198,"max":597.8298730088023},"input19":{"dtype":"number","min":6.785076059560794,"max":495.53255731831746},"input20":{"dtype":"number","min":36.939492625335035,"max":329.1563388757538},"input21":{"dtype":"number","min":29.404757315652404,"max":506.86901546128774},"input22":{"dtype":"number","min":105.4174983152869,"max":542.9936030873081},"input23":{"dtype":"number","min":283.38286520677235,"max":480.2426105819018},"input24":{"dtype":"number","min":108.48584745827242,"max":395.7874338250411},"input25":{"dtype":"number","min":279.730652926261,"max":481.1555039255243},"input26":{"dtype":"number","min":96.41479402954815,"max":529.7318813628852},"input27":{"dtype":"number","min":376.1659779093186,"max":574.3699458607456},"input28":{"dtype":"number","min":121.18067111188208,"max":425.1531036555418},"input29":{"dtype":"number","min":331.6020865933007,"max":573.726563927723},"input30":{"dtype":"number","min":69.3308226825201,"max":515.152714601037},"input31":{"dtype":"number","min":438.56312076947836,"max":561.3817101194147},"input32":{"dtype":"number","min":113.9855659588968,"max":424.85222948457294},"input33":{"dtype":"number","min":366.14397015487936,"max":559.7434480009023}},"outputs":{"output0":{"dtype":"string","min":0,"max":1,"uniqueValues":["d","n","k"],"legend":{"d":[1,0,0],"n":[0,1,0],"k":[0,0,1]}}},"isNormalized":true}